Name,Company,Position,Email,Phone,Website,Country,Industry,Notes
Wieden+Kennedy,Wieden+Kennedy,General Contact,mediarelations@wk.com,+1-503-937-7000,https://www.wk.com,United States,Marketing Agency,Public inbox (Portland OR) — verify before sending
Ogilvy,Ogilvy,General Contact,info@ogilvy.com,+1-212-237-4000,https://www.ogilvy.com,United States,Marketing Agency,Public inbox (New York NY) — verify before sending
BBDO,BBDO,General Contact,info@bbdo.com,+1-212-459-5000,https://www.bbdo.com,United States,Marketing Agency,Public inbox (New York NY) — verify before sending
Droga5,Droga5,General Contact,info@droga5.com,+1-212-390-8888,https://www.droga5.com,United States,Marketing Agency,Public inbox (New York NY) — verify before sending
VaynerMedia,VaynerMedia,General Contact,info@vaynermedia.com,+1-212-231-9800,https://vaynermedia.com,United States,Marketing Agency,Public inbox (New York NY) — verify before sending
Wpromote,Wpromote,General Contact,hello@wpromote.com,+1-310-421-4844,https://www.wpromote.com,United States,Digital Marketing Agency,Public inbox (El Segundo CA) — verify before sending
Ignite Visibility,Ignite Visibility,General Contact,info@ignitevisibility.com,+1-619-752-1955,https://ignitevisibility.com,United States,Digital Marketing Agency,Public inbox (San Diego CA) — verify before sending
Thrive Agency,Thrive Internet Marketing Agency,General Contact,info@thriveagency.com,+1-866-908-4748,https://thriveagency.com,United States,Digital Marketing Agency,Public inbox (Arlington TX) — verify before sending
SmartSites,SmartSites,General Contact,info@smartsites.com,+1-201-870-6000,https://www.smartsites.com,United States,Digital Marketing Agency,Public inbox (Paramus NJ) — verify before sending
WebFX,WebFX,General Contact,info@webfx.com,+1-717-609-0087,https://www.webfx.com,United States,Digital Marketing Agency,Public inbox (Harrisburg PA) — verify before sending
Disruptive Advertising,Disruptive Advertising,General Contact,info@disruptiveadvertising.com,+1-877-956-7510,https://disruptiveadvertising.com,United States,Digital Marketing Agency,Public inbox (Pleasant Grove UT) — verify before sending
Directive Consulting,Directive,General Contact,info@directiveconsulting.com,+1-949-214-4024,https://directiveconsulting.com,United States,Digital Marketing Agency,Public inbox (Irvine CA) — verify before sending
Power Digital,Power Digital Marketing,General Contact,info@powerdigitalmarketing.com,+1-619-501-1120,https://powerdigitalmarketing.com,United States,Digital Marketing Agency,Public inbox (San Diego CA) — verify before sending
NP Digital,NP Digital,General Contact,info@npdigital.com,+1-949-877-9224,https://npdigital.com,United States,Digital Marketing Agency,Public inbox (Las Vegas NV) — verify before sending
Tinuiti,Tinuiti,General Contact,info@tinuiti.com,+1-888-346-8484,https://tinuiti.com,United States,Performance Marketing Agency,Public inbox (New York NY) — verify before sending
Blue Fountain Media,Blue Fountain Media,General Contact,info@bluefountainmedia.com,+1-212-260-1978,https://www.bluefountainmedia.com,United States,Digital Marketing Agency,Public inbox (New York NY) — verify before sending
Lounge Lizard,Lounge Lizard,General Contact,info@loungelizard.com,+1-888-522-9977,https://www.loungelizard.com,United States,Digital Marketing Agency,Public inbox (New York NY) — verify before sending
Single Grain,Single Grain,General Contact,info@singlegrain.com,+1-855-982-3110,https://www.singlegrain.com,United States,Digital Marketing Agency,Public inbox (Los Angeles CA) — verify before sending
Coalition Technologies,Coalition Technologies,General Contact,info@coalitiontechnologies.com,+1-310-827-3890,https://coalitiontechnologies.com,United States,Digital Marketing Agency,Public inbox (Culver City CA) — verify before sending
Straight North,Straight North,General Contact,info@straightnorth.com,+1-855-883-0011,https://www.straightnorth.com,United States,Digital Marketing Agency,Public inbox (Downers Grove IL) — verify before sending
